{
  "lastModified": "2025-09-11T14:04:43.802Z",
  "files": [
    {
      "shortPath": "l0/README.md",
      "versionRef": "7fd12a9b63114fa97640a455a16aa612373dc0de",
      "Length": 14,
      "update_at": "2025-09-10T18:00:42.000Z"
    },
    {
      "shortPath": "l2/designSystem.defs.ts",
      "versionRef": "ffff97458c53225d44b7dfac0e85e55532b4192b",
      "Length": 86,
      "update_at": "2025-09-11T14:04:09.000Z"
    },
    {
      "shortPath": "l2/designSystem.html",
      "versionRef": "407e94c1cf19a0a3117d9d391bd2a1dcb58b4471",
      "Length": 21,
      "update_at": "2025-09-11T14:04:09.000Z"
    },
    {
      "shortPath": "l2/designSystem.less",
      "versionRef": "060d2c3bc8d495c47770cb17ab34b3cee976347b",
      "Length": 144,
      "update_at": "2025-09-11T14:04:09.000Z"
    },
    {
      "shortPath": "l2/designSystem.test.ts",
      "versionRef": "3fdd1f1bc7cf13b788606b9c26afa595a918869a",
      "Length": 254,
      "update_at": "2025-09-11T14:04:09.000Z"
    },
    {
      "shortPath": "l2/designSystem.ts",
      "versionRef": "413ae1e8b48f39fbcb94d288cb9f33c6c6701f5c",
      "Length": 16178,
      "update_at": "2025-09-11T14:04:09.000Z"
    },
    {
      "shortPath": "l2/project.defs.ts",
      "versionRef": "9507d2b9bfc5784ee6f944788c4a54c42d247c37",
      "Length": 81,
      "update_at": "2025-09-11T14:04:09.000Z"
    },
    {
      "shortPath": "l2/project.html",
      "versionRef": "88a90cf32ef33346febb29387541246b1be9a2e0",
      "Length": 16,
      "update_at": "2025-09-11T14:04:09.000Z"
    },
    {
      "shortPath": "l2/project.less",
      "versionRef": "9df9d8151f21ebdd9d75fc456c2c6c06ad7bea47",
      "Length": 133,
      "update_at": "2025-09-11T14:04:09.000Z"
    },
    {
      "shortPath": "l2/project.test.ts",
      "versionRef": "a334d53411e84be5f5cb3285606fb81c2dc1a699",
      "Length": 249,
      "update_at": "2025-09-11T14:04:09.000Z"
    },
    {
      "shortPath": "l2/project.ts",
      "versionRef": "fbf11d46ec2b0a1a4c08726ade92a58d9f276800",
      "Length": 131,
      "update_at": "2025-09-11T14:04:09.000Z"
    },
    {
      "shortPath": "l5/project.json",
      "versionRef": "2e869618674790690e1ecfdb4669c4671dd7ba01",
      "Length": 384,
      "update_at": "2025-09-11T14:04:09.000Z"
    },
    {
      "shortPath": "l0/package.json",
      "versionRef": "7595cdf578a4516d766f1bf06c065dca64ae08b6",
      "Length": 470,
      "update_at": "2025-09-10T18:00:44.000Z"
    },
    {
      "shortPath": "l0/tsconfig.json",
      "versionRef": "6a95f6e8d8e3042af5f58de9c691a455a7221647",
      "Length": 1191,
      "update_at": "2025-09-10T18:00:45.000Z"
    }
  ]
}